ID,Nome Projeto
137jhAlilKuS4unmHKbmY5A99lQ3EBzx03r-7gmyLay5qUh5Rm9yzqCV4,Smart Leilões Code
1UtRhuVxpl6pOB42DsUgNvK25WU_6SDhB-xt-2QDN5l20Gg-wSvtPH1dJ,API Planilha Smart Prod
1UsbWdv2jg4d06L03Hsym8THq-sdJfsVUi07sdsOgpbarNWVcxj5mGEZT,Smart Leilões Code
1oPGPoFsLv1Yxi9ynJtFmyETbcmmtWVJZG7L22vdxi71mFjrC8LOkKcyz,Smart Leilões Code
1hv7dKIn7tG9Lj_wTSGct2PRmQc_hRI_kVlNPR6F29qH8DBRxAP3wZLFu,Smart Leilões Code
1vOieMvsrL1mtcoJ-FGg2wPZDjf93iu-pftRT9Swdgt9jELnMxzpdVo46,Smart Leilões Code
19PThIL_vghho1PA_m4Bd8fxhlqJuTSTRJNH3AKd0LOgSXIkcHgMv1Ec_,Smart Leilões Code
1gizmy1qSpMqMWEv7BHntad2YBfjXYME4X-LH9vNdYQ3WDEkloG81JfIp,Smart Leilões Code
16cY1WcFzG824idOg0PSZCLW3w97zdDCdJBo7eMYG-F6cZMfImq-kXDhG,Smart Leilões Code
1OdLKRV8Zvp5ax7uhLtSw4lS2NSh21EHPbBVHcZ6s9s6qn3u7ra0wyYle,Smart Leilões Code
1tELbPUi7cob1227a6ePOEx_SyJOHUeJmjSZQbPR7mpW1mSE3994F44Vv,Smart Leilões Code
1drpjnZBjTiiGnxzT0p_0QEFh260iGgR_KHJe6FdZvg0BB-Hg4oLe2A3G,Smart Leilões Code
1Q5qDfF5OjaOQznoWvCKCSYpkA2tLTiYVsAAFOQgLKfPgHdvdSZs2IPvZ,Smart Leilões Code
1uqHG3GGFGDc3U9vXVB20DMHjrueyXip4py1XF-HI4dsoDksqKb4UBv2H,Smart Leilões Code
13FH89IFJ3x2yryzMTUSF1Lor5jHs_6WYNOudctp6lLcPK88yZimIjmEr,Smart Leilões Code
1I7w7adLvIkklhU0Amvo2zM0kmNCZ2WlZeULbu46RWS_QuSLqRZ5vxOzt,Smart Leilões Code
1VJJNcbvP38SQvpZYO7S0BlZuRAIYYkHB15Cq6VBbNkykQH9kdRzWj8E4,Smart Leilões Code
1jxYA55mR-6tYgOHzSNH8Zt3OrovoWpFvsyIWnt5CUioi06ATe8Pmy76h,Smart Leilões Code
14Rc3p07Lfr81zq1EFWvYrBccLjVpZoPahTeiH2QTno6C1BUBQmblirrY,Smart Leilões Code
15JK5ByM7lorhLpHvyR7SzonFNn9f4uzbx48GUq7ODg7jlQSn7Cs6mjX1,Smart Leilões Code
1zxhP1ODH1Ie4JD9RXmIbxwyhEPhgjp9EOWwTgY2os5Bd0LTCzhlnVyn5,Smart Leilões Code
1fJb2lG9eg88cgCM22H1cSu1VV3mtH9DY_y5akpwLnvaO6JTde9rzzZGu,Smart Leilões Code
1Fks6RfQt_CUoFoSCK1vNk5NrIb8HbygxDhexPObW2631A2u-f69qvSkW,Smart Leilões Code
1dyY1EgU_FDTS1E_y35hKD429ED_923BaS-D9aD3buxpZvJ_Evp5PF2ry,Smart Leilões Code
15GlCWHtWGpcDlRRSL5dSIDW8iDW3GI_xVg2WVliVF49oCGnNoH1r6SjI,Smart Leilões Code
12DYEEOPlNlCjni4o6g3grnaI0mF2xgpt4VaUW3MWNH5khxwittgG0OQW,Smart Leilões Code
134-k0R15vxiJBx3HwlTf4yK7VvuiRGtyRXx7EOTw6goiCq89yVfFcoCH,Smart Leilões Code
15sjTCdXc3spD4BpLh78iP4-xtcrOc5utTDr3XlI7p-GY_pPTroISya4w,Smart Leilões Code
1Sx5fQu3e_axJ7KgYXvPJ-PuhLa3XUOeZF-cjZXn9UM1P3ZyVPM2D656E,Smart Leilões Code
1GApX0a313UABGY5AU-3AFBIY6w-ECf5uindxe42QfyVnNM7gH5V8IjeV,Smart Leilões Code
1YWBOItxjx6SCuA4kFoomjK9NmCdzMSkcPb4JNE1BClOu2uPgouyMgZMj,Smart Leilões Code
11alAEZltIAvjlEmWUs58ATG1RhFflLkX5IeZyGJ69gwXb21Vi4ovlBhm,Smart Leilões Code
1wkjTqbvDE1bgz-GO0QYWXteuvjfyTv8TDxRP_ujGl5nRyt6sCbh61ggz,Smart Leilões Code
1WnbDMgmYSPUvVOGRyqEbAnWhYrd9F3cM9gtuNc4c0EOsvV5-kGQ0a6lB,Smart Leilões Code
1ur-MNRQ23c-FL2AHUHtOqcDTdcS8VS2Ham9I8AQM2IfSWiMM6aKpL_9r,Smart Leilões Code
1yt3EaqwNx8n05AXFh1IXX7plsz3KEDd9DHHlOcT3OK6n1RhXmGeKBQPl,Smart Leilões Code
1XQqiLyY83oSoo1ptXfigLpEGUWC2xI_FG8-VtfPgSFVqzxUqwkEjm9k0,Smart Leilões Code
198Ap9C_FRDoD6YZH76nwlXkgcJvuB9LA6qvdZGczdStvcb0Txd0KAVUg,ChangePermissions
1jIU319ZZrelutpQDsa-1OnHQi6iDXd5Aj6MFob2KHknNK9jjsJ3vp1CA,Smart Leilões Code
1foZEravmovW_HoMgXDutcPyKLHHZFVGhVjxQv3E7gFrq_81YBiwRctik,Smart Leilões Code
1Pb7glsSFE_h7KUfbe9V3JH4ozFxgshCRtWEVRm47g7amWgxkhFkhKtI6,Smart Leilões Code
1KVSrqGqvoLTh6YXQaDVZFQj8dTRyp6cqLAh6R1ZH1GCz5YyErRylpbHw,Smart Leilões Code
10RMJolp0vLYBJo3i5C8EfMs7BRTy5XGAxaWjBJREAjkQziqy41Y_iAzh,Smart Leilões Code
11w4ObGzuPUnkrziu1FqHvAV4aFuKAJhYYmIIPyrQTdyNrP2MjjScc3Ju,Smart Leilões Code
1o1MNhU0jhEI1sNkPoQ7HT4BmqRAfQMyJ4IwikQJzPTP6WbSihgViGnwB,Smart Leilões Code
1VQsdhwC4JrcW1kBrVRqz_5F-ka8qSSKn-uB8WeI_ZY-Qlp_nKYO-A-vJ,Smart Leilões Code
1Dm4oIYLoZrwcnAaYP5eFF9y-tSTgouczvAxJXqC--XImSUWYeqgA3ht8,Smart Leilões Code
1Q9W7L-LTf1ey7PfXPX0IgjfyTMvI9rx7V5meL9GK0PKaL4r6V86VgNlB,Smart Leilões Code
1nO_oODtPrksi3-ac-_ZoIituYD6_R6fJFWP9ANp40781H_SWy0JjmnHT,Smart Leilões Code
19-xBueDWLXR5I7pPN4a7UZtLLQBlqiPDg5gex9oKVD3LBF0F-aZY6sgv,Smart Leilões Code
1QxkrurGwtc0nQG5GMhJrfSlProBDU9w5QxiNVoqjZyj-7_Mmiby5wrvH,Smart Leilões Code
1JneONCnkJNHtv0SECfYLZytrvC8dxj2nfl40OkXyaeb_Vh_UqMyocbuu,Smart Leilões Code
1BcwIt--R_1LO7Kf0tBqzf8JBYthWvFBWBYeqSUZ9Tu2v1qJEWqdcWi9I,Smart Leilões Code
1qlBAh8aELkMrUYim-Nkst1VkGPGw5sRgrfi_U1TDoiInCKfHd5W7Ke9G,Smart Leilões Code
1b6Rvtosnv-g4wg2rn9Q1IL-jXufBzXCxTR10tauXduftQqlSoDpbjrZt,Smart Leilões Code
1tSHuYL6pd2NxtmJwKV85R2dKBgsoukVKipEYldMUwV7PVgpnzmjx1ZQ8,Smart Leilões Code
1B_mbANqKG0dvH0zLaZZyF6sOjGBgIrKxT-ma-gTZgDrhD38tMCQsCCQ6,Smart Leilões Code
1GTRsAJ6GnkhuIVz2D6cCXuEUgVlhcH6IkMLwq7nWJr0GmD73yU6vyn2p,Smart Leilões Code
11LqK-9txcQJ6VerAxtweRuoNMC1sjBG0Sp4L3Y_fyFFbrKbS5aOam-s4,Smart Leilões Code
1Oisr3SMhcgCXBtJJ2y2xFoGfmJyvXWCFMv1MrhVrSqHRsVnLIawRnstI,Smart Leilões Code
1Pij8PKdwjHN--C1-iabIZet6HyFRukIoXXwk5WuA8ei91Z6314ChrwEQ,Smart Leilões Code
1BCodewv3qiWaukQd7Kb3rQQ1rGfQ0LJeRtljqK_s8uDowXiMYnsptXPC,Smart Leilões Code
11yzv1SfmiIWzvhYE8p3zgTU3H7YemIlxP_O-2Y0d5lr-H3ge_dblYfPY,Smart Leilões Code
1qdYFCrsQPjxEdRR5wPhZ5sr6hTt2-BvGxt3NG7SQ_OIgSQummUlzsWIW,Smart Leilões Code
1lHjqfTruERixsiYrsJya6o7aYQ46HZ2nzjMpJ3Fsp_k_JTxIkuhfnTzE,Smart Leilões Code
14vt2PF3Wa0m-CHwM9cMcuSDIqodHHklvnvUO4HDIMuXPUGgrm2yDidOv,Smart Leilões Code
1pzyJkDGzwrDMB6BbMZ31gxr6XcVwU-COmpnDMMR6CfzLipVEbv90KWPm,Smart Leilões Code
1mvoGY2qHBkhnIAPTe5ykUIpO9ap8BToP_xImkeFRQnO5Hz_2eoehOmIg,Smart Leilões Code
1h-mo5dOFOOOYlmoRj0Q5lP_Ci_zDhm3oYCJ0qyvyi8SCoxJUcSpJ_YHH,Smart Leilões Code
1mFrroWctqS7MgkgtsdCFOH0U0ecCzzFpFeAwQIc64t5SMllNJIgrYdAH,Smart Leilões Code
1a1wm_9SCFAXFEZzDNAHtN3VvILYsJjRor2gp0V3hHdEz7-tDCYCmyG9F,Smart Leilões Code
1G6iNKE2tmFdCTL447kaw2Vb9W39GPCLjsWEtlrvii1JluJy6_5bf8T7q,Smart Leilões Code
1BFRAZGZhoPuIBpHT2rA-Px74PnazDg1yZEisS8ertj69MCl37gUA3nzj,Smart Leilões Code
1yhHT6UI928zn2D0F25W2M0OpP85IEEdl-89sw1z8mJoYb77RdZxPMCI-,Smart Leilões Code
1OVAsrmmttABSW34NbLj8nnCMI4yX8QLnPgTFzymSgfiIuXEaqf1XrqOP,Smart Leilões Code
1NDgm9YKC2-fC9nIZGLCKHDXYWC-4uiiZw-f0F3V3TncqwewdtWTjgrAP,Smart Leilões Code
131b6kVgzYwB_Ayt_J_1uQSotqfEciLcy2tWd5ugPoh2I7PdBXsGR1zNl,Smart Leilões Code
1u0JalAXZD436j8npzMf7A754So5lDdiLCnPy9iCT-owoBoDHl4jTvZOf,Smart Leilões Code
1qvJSMn-0DV25QcLmFW3xGQ7WEz1gZJGHvHeAb48cc33b4GzMtTFo_Bhw,Smart Leilões Code
1maFKeuwBJq-cj3C_LYIUYJSfCnkdAL_uesI4rxvXIGoEsfKFfRMSjReO,Smart Leilões Code
1wtYsO8EYhG4MXfkJXmFpnr8EE8TlEKMruQig4kXdNK8avn8y8zSnv-KP,Smart Leilões Code
1k8XuUQT4_Jrv_7I2wZ5r96ife5yiEvcYoZFlbb0eDLopnAy0X5gIzy74,Smart Leilões Code
1dsF06vvOzzkl-vPVud-0P-PfjaUF2VkAnDCGxcXhUS2vM9Mnmot2y9r3,Smart Leilões Code
1S0nrIfabuKLWzwuvF1CBfozRnIRlGeNO60U5QEjMVeQhgI4zFGK0r8Vv,Smart Leilões Code
1ObrRYZKfJEmPiItjdKSi25Mil0MwDVwG3ed4krwRk2_ZCJZNC8HdUkMJ,Smart Leilões Code
1NrwAwIH62vMqDXC9fOEW4_iY34h5IhJPkbxSxXSVHrPV6UnHkBYepeFf,Smart Leilões Code
1HTXErwwLPGx3irAFyW7k6AkWz9NEL-SQX6zkHk1cwIxp-zbOqaJNUj2q,Smart Leilões Code
1OfElseD-KBuv83eckobPpka2GzL7g77nCevG-FBJSoc0noH62qupXymD,Smart Leilões Code
17lwOV4AhPyvIs27TGuiZkiCQpaGfz_VtYyEQwPUlMaO-EKaZwfKGLpGT,Smart Leilões Code
1fsMAMMvuae-cGir-s3K1RDTsSsWZjQcgH778yCz942nnSD3DogZMxfdw,Smart Leilões Code
1yFyVaEnP-gT_TpNMJIMn6IlLpfjDMaiXoXoxUYi8WBMJFo4FiwCo1bD5,Smart Leilões Code
1OQZ3ACWytBJ3aubJcS5TgDaUH5sBjKkdQnVFffjcuhyy7wBRHERTpReE,Smart Leilões Code
10OjmfD2xv0Ax5BvbGhq87iMkyQ6PfFCBjwk60XaLLiInnSVctdqyKHMP,Smart Leilões Code
1VMJxZTy33XbD4pdjyqrSmP0eGq6hmh2PNH8GZ6wCVBkWkSYxu3UvnUsU,Smart Leilões Code
1ZmY77W24HVYJ25Ey0Ko_DGtgiW02DFYGwUxwXn-gIMl0gOruXepPbWK0,Smart Leilões Code
1f60YXzVXmHO12cO8WIoExkGAcVh685aQCr9CqcSQCyVS73WxCozEngQK,Smart Leilões Code
1JbHKOdSi-W7YPmxeyxaSJb1iTGbVEALX1PLds0o_xeAquDDHvrZQe8M8,Smart Leilões Code
1AJgwvvYZv0c1c8eYVk_fEfML1W-d_XS6zrBZXY-eZ1jkqyFfPKYzeRqt,Smart Leilões Code
1kHpJE_5jX1zgLLBW31boXfzQBR--E1j9rX3Sfj6ZDsvHgX2rE6yfMUqt,Smart Leilões Code
1Zwm5uqkBAYQ9GvHnqogFgd13v75uZ2XK_v_dG1ju6Glkp3Jl7PKm6gat,Smart Leilões Code
1ignZq8IouY8_qJbJ89qpm00-L5VRPT7Omf7c6oMHk6lhMTZyFx0rF4a9,Smart Leilões Code
1XE3enrCfSSIdyqKl9WHWG3wbndfqesYofkb_hKM5ijt_lcc-r2JCY1CS,Smart Leilões Code
1HK9_PswWU2yOJlBzYn_zaPm61PLxHXT9ijIWuufPJf1J7rwJkn1C17l-,Smart Leilões Code
1Mm-_65Dx7kLQQt-09bXlaXphVrlGI7om8Rcqc3zO7_nKAeQaU4AXCdHI,Smart Leilões Code
1J7VQEZ3xgy2pte7emDDgU8YxAYAHFCRegy27yF1VYk9rvUB5rgd8zL17,Smart Leilões Code
1SBUNFFs-KPnvj9YvqXi_QnwA0oCykweXsa8AETECiB78ucdLJAGz2hL-,Smart Leilões Code
1JyFSdD0pYlkn8_vWwVg4pIrUsQe3gBRuB1dkjFHG7OzwF4vOHWTt1Q_t,Smart Leilões Code
1o8HDjn9S0IKy9zWTQ-Owlh7iihtZbWHiGuVit2p6Xqhbpig1Pu006znO,Smart Leilões Code
1-5daF8P_HwfupqGyXT4L4cWmByHU3u2_MwdrsXJdy6RXSNYV49Z-mxwr,Smart Leilões Code
1lNO-Dp4mHVtnn-tqKMzkJcPv4cREp89ScAAaLuIwykcRwnsNfv_qAyqx,Smart Leilões Code
1985T05CXZO4i7Y03Qmu3VwGjqRuDdTjO3FAob6GqwrhIIb-8DXM0D8au,Smart Leilões Code
1-mGr_eeabUWQcoob_l1oKKp9MeynNFJkHt5frMnhncw-Lea0wB1tKiOz,Smart Leilões Code
1QchvT05Yg-LNoQLyuU4cQgEidZFdRiZx7Ox2aEa1U9ReA9FgSKjRzbpD,Smart Leilões Code
1mOPaHVijUrvEDld2YJQEYVzHi2kS1tBpbdQeskSZG86-iFdGc2FvxPZp,Smart Leilões Code
1hV7sFRoGrmxnZXpVCUUME9Bho3t30c22_-jP911acVlEhYVwL9eWeU-v,Smart Leilões Code
1ZPwAyBzlO82lxbCLh9iVqYNv5OvvvyTrPDUlz0_HiNN0i7BjHrChRuub,Smart Leilões Code
18bhDQuhg4fSjhWi7nuJFPyCHFUll9nTN1yzgppY4Q8yfUg47iWl7DOUL,Smart Leilões Code
17ufun9XBa6pyKj_YX6BRD8oEXNLk3oAfbjWqYOw9ouLizEBntJrToU38,Smart Leilões Code
1lywPOSnkVJfH969vKtGfM9P6ClB9qFNYC-VICRtQY0-bOWyvFy8g5nc6,Smart Leilões Code
1gpJ9paH9gS9eH-J_uleb29ka-HlztizHda6CV10OA_BtKWr7S23NYDsz,Smart Leilões Code
1MYJSZiIRncB5q0stfghqa-bUwiKYgZjlJfGTkRace6WXKJaVFaAWZifg,Smart Leilões Code
1KieMgvR4WBAYPNvHqwfOT4pdVJj5lDwrz35Js65FKU6Nngz8Sky7twlw,Smart Leilões Code
1ODJ84C8XuapuLoNgew74fi9wVxZmq-8R1V5DSuPdcVn_6idUV0zuXKml,Smart Leilões Code
1hCRqsbcp0dKKyIChZbcMOcZJu6B2KRl2Z4pcSxUZdRYwVqsnIQr1inw6,Smart Leilões Code
100bKXK9iiElb98fanLGqmL0pUNuhRJ8j2bPRg3krO7yTFpwzb6Lr_xBS,Smart Leilões Code
1ajziGxY8Qp5FEUbThb99B1WwiSEJO98qqwoIh3vPxUrlPuvRr-NaJ-zN,Smart Leilões Code
1ABF9qJwlJBHZdeO1-_0oAZdA4u8v7Yp27E1sfb0QFY0YxQ8ICfy2C3YJ,Smart Leilões Code
19N_tCAsGDLPo4gvoKI7TfttULpmYMoyYx8ZjmXZsbIqOYGSZxgda-P1C,Smart Leilões Code
1-2Gf3Ss-r0WH3gwp7hon8KjLAdLSWcF0RjME75gWIRRptedZfHuzm6Ft,Smart Leilões Code
15PZ7sEGOPYY_i9-a4FqLPVP3CijeSwhc5nqnPBWQbQtQl33Ks_vOxVmf,Smart Leilões Code
1C3xZP-c2xLUsRALt8Y6RzaTzl8w8v4EzGCWNT_IEfRYNC4qWubBInMLt,Smart Leilões Code
16OXrybw4cAk4pdJuFJhPP-KWz5e3q8GF124oQWfJWpdRKX5XCJM7Lj4W,Smart Leilões Code
18AwsuUK6f5KUpDeRNaEUuCiowmvDWE0__1YpgY_jayF1zU7YAw03pI-z,Smart Leilões Code
1Rs2kEUfgzUHfEJCPoHZ90NbcFh0EmMwNZrTKaiwbfz0ej1O8gyI1Z-Fs,Smart Leilões Code
1hFmnZKSyaCrnkd7R3BvoZyz27PiwG3s1h506YYzq-6KTy5ci3sOfakBH,Smart Leilões Code
1MHCRLkxtkO6y71tMd9kb58qxChCxbsVoVRjc9Q2mcUEE-sidW40RwsDW,Smart Leilões Code
1IGKIDsuAgWdPIZ3-AMP3ipOKXCCohdd3PQ9ThsguM5c2yIoGRcmteOHE,Smart Leilões Code
1cfswtxbMgnyuMrGnIPylgOVr3J-pEbm7AU0xqD8w6UnLguewVAF4T6CH,Smart Leilões Code
1lbVIlgGJz1gGknptzWjRTgJ4E_-A_Yu32pjZOFbn0hhH6FsfXQb01qkB,Smart Leilões Code
1kgVR3WH21z4nsAS-WdGNlL-e7UHPxyLuT04tGmGzHKKQOt7wIX-CdRPz,Smart Leilões Code
1pMpKx8tEloGgsY62xu8O0Hwr4uFVGeBsCNEuNV2AB4njzPtisZIVBMwG,Smart Leilões Code
1HHOtQCN8VPHlEErDBlmKYgxCpD8Yy6FR5D4mX8T4nTMnTLnGAV6xsRGA,Smart Leilões Code
1G73bIxL5mWSqnBXiM9BxZ42FNjslxZiEIQjOiahH9vHe_9j9lE-8UHZN,Smart Leilões Code
1zMk-MzNBLLbZI46svwq7VdAb8wINUbiQXoEZbQ-gTfIWCBI5K9Q2Lk0N,Smart Leilões Code
1XFc_fAMbrxso_NUHma_KlZg04GsfeNGBvnw8AgTqlhEli5Gec3UIUk82,Smart Leilões Code
1oFobZ1RFnTK68by9d408T0pA6MGeiDWFnZugcbYf6g8BdE6oM13d2_TY,Smart Leilões Code
1slvelOWSzXcJnQrBeg04HDWB4xjCWg1hQ4xsU8C5U-GRdXGPeZpkYvi2,Smart Leilões Code
10-vw371AVa2vdXXMNVARXXd2iqd2Pl4L05GFyeo_j8fRjeGGAk6XXrL5,Smart Leilões Code
1GNHKm_TwHKqjZNavrfayggad73B3UMZ02UgRvhg7c87_TKuLYN5Z15mD,Smart Leilões Code
1-zsKYdWG_hLnZVNPqg459nXsFXJrZmua2eFTCZJdLTlW9cI01OPTrV1k,Smart Leilões Code
1pVCiKhcO8s3SG1agsjZZEpul8ECmk9yp_lIsgHmBJdcbdeV5MVPllwWH,Smart Leilões Code
1mKtDMrVFEfR_RryN0D9Aiz_-mYZr5wxE-AD5cszCjOpTf-UcrQNx5nMP,Smart Leilões Code
1jAGV1_rzOG7EK24Q3bTtsthqKH-18EKO8KQHlUZQQ7LVywDx1rQEHkCN,Smart Leilões Code
1kYyiEMyiuX8vcTrJZNvmDnfTWKjzvYDkIg3_6rHZVr3GNVvHs-DIPnpJ,Code RegisterUser Leilão
1RNKiUkN2Rb7LvcT7NwDwOKGTwx46NOPIquys01E6pMWKtOaMTaW2lotT,Smart Leilões Code
1Z6HuAkTDX6kfuH8csrJdPdMAvpyLd4XcgpdhSxAUiOm7cB5i3r9Ar753,Code DB Smart Leiloes
1qMDG3V00kWW1ReNegjHK0SLa8WnlElYL_mamZK5u6ybn3hbip14E2H0N,Smart Leilões Code
